{"cameraMode":{"drawMode":0,"name":"Shaded","section":"Shading Mode"},"sceneLighting":false,"audioPlay":false,"sceneViewState":{"m_AlwaysRefresh":false,"showFog":true,"showSkybox":false,"showFlares":true,"showImageEffects":true,"showParticleSystems":true,"showVisualEffectGraphs":true,"m_FxEnabled":true},"in2DMode":false,"pivot":{"x":0.12936115264892579,"y":-1.3959941864013672,"z":-0.8079676628112793},"rotation":{"x":-0.44190844893455508,"y":0.07171888649463654,"z":-0.03547140210866928,"w":-0.8934856057167053},"size":2.6843340396881105,"orthographic":false}