{"cameraMode":{"drawMode":0,"name":"Shaded","section":"Shading Mode"},"sceneLighting":false,"audioPlay":false,"sceneViewState":{"m_AlwaysRefresh":false,"showFog":true,"showSkybox":false,"showFlares":true,"showImageEffects":true,"showParticleSystems":true,"showVisualEffectGraphs":true,"m_FxEnabled":true},"in2DMode":false,"pivot":{"x":0.9788222312927246,"y":-1.13458251953125,"z":1.2238636016845704},"rotation":{"x":-0.1763676404953003,"y":-0.012700422666966915,"z":0.0022758154664188625,"w":-0.9842419624328613},"size":5.839655876159668,"orthographic":false}